item_id,bio_look,critical,name,file_name,file_name_real,bio_spr_no_name,bio,bio_spr,pretask,determiner,nationality,occupation,pro,verb_match,adj,np,spillover,spill1,spill2,period,post_verb,critical_full,name_original,gender,lifetime,lifetime_distractor,type,tense,mm,list,match,bare,Unique_ID,prac_correct,prac_incorrect
2,"Look at the picture of Richard Nixon, an American politician.","He*has appeared*in prominent*political debates,*according to*Wikipedia.",Richard Nixon,Robin_Williams.jpg,Richard_Nixon.jpg,*was*an American*politician.*He died*in New York.,Richard Nixon was an American politician. He died in New York.,Richard Nixon*was*an American*politician.*He died*in New York.,yes,an,American,politician,He,has appeared,in prominent,political debates,in his lifetime,according to,Wikipedia,0,in prominent political debates in his lifetime.,He has appeared in prominent political debates in his lifetime.,Richard Nixon,male,dead,alive,critical,PP,deadPP,1,no,appear,12111,crit,crit
2,"Look at the picture of Richard Nixon, an American politician.","He*appeared*in prominent*political debates,*according to*Wikipedia.",Richard Nixon,Robin_Williams.jpg,Richard_Nixon.jpg,*was*an American*politician.*He died*in New York.,Richard Nixon was an American politician. He died in New York.,Richard Nixon*was*an American*politician.*He died*in New York.,yes,an,American,politician,He,appeared,in prominent,political debates,in his lifetime,according to,Wikipedia,0,in prominent political debates in his lifetime.,He appeared in prominent political debates in his lifetime.,Richard Nixon,male,dead,alive,critical,PS,deadPS,2,no,appear,12122,crit,crit
2,"Look at the picture of Justin Trudeau, a Canadian politician.","He*has appeared*in prominent*political debates,*according to*Wikipedia.",Justin Trudeau,Robin_Williams.jpg,Justin_Trudeau.jpg,*is*a Canadian*politician.*He lives*in Ottawa.,Justin Trudeau is a Canadian politician. He lives in Ottawa.,Justin Trudeau*is*a Canadian*politician.*He lives*in Ottawa.,yes,a,Canadian,politician,He,has appeared,in prominent,political debates,in his lifetime,according to,Wikipedia,0,in prominent political debates in his lifetime.,He has appeared in prominent political debates in his lifetime.,Justin Trudeau,male,alive,dead,critical,PP,livingPP,3,yes,appear,12013,crit,crit
2,"Look at the picture of Justin Trudeau, a Canadian politician.","He*appeared*in prominent*political debates,*according to*Wikipedia.",Justin Trudeau,Robin_Williams.jpg,Justin_Trudeau.jpg,*is*a Canadian*politician.*He lives*in Ottawa.,Justin Trudeau is a Canadian politician. He lives in Ottawa.,Justin Trudeau*is*a Canadian*politician.*He lives*in Ottawa.,yes,a,Canadian,politician,He,appeared,in prominent,political debates,in his lifetime,according to,Wikipedia,0,in prominent political debates in his lifetime.,He appeared in prominent political debates in his lifetime.,Justin Trudeau,male,alive,dead,critical,PS,livingPS,4,yes,appear,12024,crit,crit
3,"Look at the picture of Whitney Houston, an American singer.","She*has appeared*in popular*music videos,*as stated in*her memoir.",Whitney Houston,Robin_Williams.jpg,Whitney_Houston.jpg,*was*an American*singer.*She died*in Beverly Hills.,Whitney Houston was an American singer. She died in Beverly Hills.,Whitney Houston*was*an American*singer.*She died*in Beverly Hills.,yes,an,American,singer,She,has appeared,in popular,music videos,in her career,as stated in,her memoir,0,in popular music videos in her career.,She has appeared in popular music videos in her career.,Whitney Houston,female,dead,alive,critical,PP,deadPP,2,no,appear,13114,crit,crit
3,"Look at the picture of Whitney Houston, an American singer.","She*appeared*in popular*music videos,*as stated in*her memoir.",Whitney Houston,Robin_Williams.jpg,Whitney_Houston.jpg,*was*an American*singer.*She died*in Beverly Hills.,Whitney Houston was an American singer. She died in Beverly Hills.,Whitney Houston*was*an American*singer.*She died*in Beverly Hills.,yes,an,American,singer,She,appeared,in popular,music videos,in her career,as stated in,her memoir,0,in popular music videos in her career.,She appeared in popular music videos in her career.,Whitney Houston,female,dead,alive,critical,PS,deadPS,3,no,appear,13123,crit,crit
3,"Look at the picture of Shakira, a Colombian singer.","She*appeared*in popular*music videos,*as stated in*her memoir.",Shakira,Robin_Williams.jpg,Shakira.jpg,*is*a Colombian*singer.*She lives*in Barcelona.,Shakira is a Colombian singer. She lives in Barcelona.,Shakira*is*a Colombian*singer.*She lives*in Barcelona.,yes,a,Colombian,singer,She,appeared,in popular,music videos,in her career,as stated in,her memoir,0,in popular music videos in her career.,She appeared in popular music videos in her career.,Shakira,female,alive,dead,critical,PS,livingPS,1,yes,appear,13021,crit,crit
3,"Look at the picture of Shakira, a Colombian singer.","She*has appeared*in popular*music videos,*as stated in*her memoir.",Shakira,Robin_Williams.jpg,Shakira.jpg,*is*a Colombian*singer.*She lives*in Barcelona.,Shakira is a Colombian singer. She lives in Barcelona.,Shakira*is*a Colombian*singer.*She lives*in Barcelona.,yes,a,Colombian,singer,She,has appeared,in popular,music videos,in her career,as stated in,her memoir,0,in popular music videos in her career.,She has appeared in popular music videos in her career.,Shakira,female,alive,dead,critical,PP,livingPP,4,yes,appear,13012,crit,crit
10,"Look at the picture of Jimi Hendrix, an American musician.","He*has performed*in numerous*music festivals,*as reported by*his biographer.",Jimi Hendrix,Robin_Williams.jpg,Jimi_Hendrix.jpg,*was*an American*musician.*He died*in London.,Jimi Hendrix was an American musician. He died in London.,Jimi Hendrix*was*an American*musician.*He died*in London.,yes,an,American,musician,He,has performed,in numerous,music festivals,through the years,as reported by,his biographer,0,in numerous music festivals through the years.,He has performed in numerous music festivals through the years.,Jimi Hendrix,male,dead,alive,critical,PP,deadPP,3,no,perform,110111,crit,crit
10,"Look at the picture of Jimi Hendrix, an American musician.","He*performed*in numerous*music festivals,*as reported by*his biographer.",Jimi Hendrix,Robin_Williams.jpg,Jimi_Hendrix.jpg,*was*an American*musician.*He died*in London.,Jimi Hendrix was an American musician. He died in London.,Jimi Hendrix*was*an American*musician.*He died*in London.,yes,an,American,musician,He,performed,in numerous,music festivals,through the years,as reported by,his biographer,0,in numerous music festivals through the years.,He performed in numerous music festivals through the years.,Jimi Hendrix,male,dead,alive,critical,PS,deadPS,4,no,perform,110122,crit,crit
10,"Look at the picture of Elton John, an English musician.","He*has performed*in numerous*music festivals,*as reported by*his biographer.",Elton John,Robin_Williams.jpg,Elton_John.jpg,*is*an English*musician.*He lives*in Windsor.,Elton John is an English musician. He lives in Windsor.,Elton John*is*an English*musician.*He lives*in Windsor.,yes,an,English,musician,He,has performed,in numerous,music festivals,through the years,as reported by,his biographer,0,in numerous music festivals through the years.,He has performed in numerous music festivals through the years.,Elton John,male,alive,dead,critical,PP,livingPP,1,yes,perform,110013,crit,crit
10,"Look at the picture of Elton John, an English musician.","He*performed*in numerous*music festivals,*as reported by*his biographer.",Elton John,Robin_Williams.jpg,Elton_John.jpg,*is*an English*musician.*He lives*in Windsor.,Elton John is an English musician. He lives in Windsor.,Elton John*is*an English*musician.*He lives*in Windsor.,yes,an,English,musician,He,performed,in numerous,music festivals,through the years,as reported by,his biographer,0,in numerous music festivals through the years.,He performed in numerous music festivals through the years.,Elton John,male,alive,dead,critical,PS,livingPS,2,yes,perform,110024,crit,crit
13,"Look at the picture of Beyoncé, an American singer.","She*has performed*in prestigious*arenas,*so her*website states.",Beyoncé,Robin_Williams.jpg,Beyoncé.jpg,*is*an American*singer.*She lives*in Los Angeles.,Beyoncé is an American singer. She lives in Los Angeles.,Beyoncé*is*an American*singer.*She lives*in Los Angeles.,yes,an,American,singer,She,has performed,in prestigious,arenas,over time,so her,website states,0,in prestigious arenas over time.,She has performed in prestigious arenas over time.,Beyoncé,female,alive,dead,critical,PP,livingPP,2,yes,perform,113011,crit,crit
13,"Look at the picture of Beyoncé, an American singer.","She*performed*in prestigious*arenas,*so her*website states.",Beyoncé,Robin_Williams.jpg,Beyoncé.jpg,*is*an American*singer.*She lives*in Los Angeles.,Beyoncé is an American singer. She lives in Los Angeles.,Beyoncé*is*an American*singer.*She lives*in Los Angeles.,yes,an,American,singer,She,performed,in prestigious,arenas,over time,so her,website states,0,in prestigious arenas over time.,She performed in prestigious arenas over time.,Beyoncé,female,alive,dead,critical,PS,livingPS,3,yes,perform,113022,crit,crit
13,"Look at the picture of Amy Winehouse, a British singer.","She*performed*in prestigious*arenas,*so her*website states.",Amy Winehouse,Robin_Williams.jpg,Amy_Winehouse.jpg,*was*a British*singer.*She died*in London.,Amy Winehouse was a British singer. She died in London.,Amy Winehouse*was*a British*singer.*She died*in London.,yes,a,British,singer,She,performed,in prestigious,arenas,over time,so her,website states,0,in prestigious arenas over time.,She performed in prestigious arenas over time.,Amy Winehouse,female,dead,alive,critical,PS,deadPS,1,no,perform,113124,crit,crit
13,"Look at the picture of Amy Winehouse, a British singer.","She*has performed*in prestigious*arenas,*so her*website states.",Amy Winehouse,Robin_Williams.jpg,Amy_Winehouse.jpg,*was*a British*singer.*She died*in London.,Amy Winehouse was a British singer. She died in London.,Amy Winehouse*was*a British*singer.*She died*in London.,yes,a,British,singer,She,has performed,in prestigious,arenas,over time,so her,website states,0,in prestigious arenas over time.,She has performed in prestigious arenas over time.,Amy Winehouse,female,dead,alive,critical,PP,deadPP,4,no,perform,113113,crit,crit
22,"Look at the picture of David Bowie, a British singer.","He*has played*numerous*concerts,*according to*his memoir.",David Bowie,Robin_Williams.jpg,David_Bowie.jpg,*was*a British*singer.*He died*in New York.,David Bowie was a British singer. He died in New York.,David Bowie*was*a British*singer.*He died*in New York.,yes,a,British,singer,He,has played,numerous,concerts,in his lifetime,according to,his memoir,0,numerous concerts in his lifetime.,He has played numerous concerts in his lifetime.,David Bowie,male,dead,alive,critical,PP,deadPP,1,no,play,122111,crit,crit
22,"Look at the picture of David Bowie, a British singer.","He*played*numerous*concerts,*according to*his memoir.",David Bowie,Robin_Williams.jpg,David_Bowie.jpg,*was*a British*singer.*He died*in New York.,David Bowie was a British singer. He died in New York.,David Bowie*was*a British*singer.*He died*in New York.,yes,a,British,singer,He,played,numerous,concerts,in his lifetime,according to,his memoir,0,numerous concerts in his lifetime.,He played numerous concerts in his lifetime.,David Bowie,male,dead,alive,critical,PS,deadPS,2,no,play,122122,crit,crit
22,"Look at the picture of Mick Jagger, a British singer.","He*has played*numerous*concerts,*according to*his memoir.",Mick Jagger,Robin_Williams.jpg,Mick_Jagger.jpg,*is*a British*singer.*He lives*in London.,Mick Jagger is a British singer. He lives in London.,Mick Jagger*is*a British*singer.*He lives*in London.,yes,a,British,singer,He,has played,numerous,concerts,in his lifetime,according to,his memoir,0,numerous concerts in his lifetime.,He has played numerous concerts in his lifetime.,Mick Jagger,male,alive,dead,critical,PP,livingPP,3,yes,play,122013,crit,crit
22,"Look at the picture of Mick Jagger, a British singer.","He*played*numerous*concerts,*according to*his memoir.",Mick Jagger,Robin_Williams.jpg,Mick_Jagger.jpg,*is*a British*singer.*He lives*in London.,Mick Jagger is a British singer. He lives in London.,Mick Jagger*is*a British*singer.*He lives*in London.,yes,a,British,singer,He,played,numerous,concerts,in his lifetime,according to,his memoir,0,numerous concerts in his lifetime.,He played numerous concerts in his lifetime.,Mick Jagger,male,alive,dead,critical,PS,livingPS,4,yes,play,122024,crit,crit
23,"Look at the picture of Janis Joplin, an American singer.","She*has played*in numerous*packed arenas,*as stated in*her biography.",Janis Joplin,Robin_Williams.jpg,Janis_Joplin.jpg,*was*an American*singer.*She died*in Los Angeles.,Janis Joplin was an American singer. She died in Los Angeles.,Janis Joplin*was*an American*singer.*She died*in Los Angeles.,yes,an,American,singer,She,has played,in numerous,packed arenas,in her career,as stated in,her biography,0,in numerous packed arenas in her career.,She has played in numerous packed arenas in her career.,Janis Joplin,female,dead,alive,critical,PP,deadPP,2,no,play,123114,crit,crit
23,"Look at the picture of Janis Joplin, an American singer.","She*played*in numerous*packed arenas,*as stated in*her biography.",Janis Joplin,Robin_Williams.jpg,Janis_Joplin.jpg,*was*an American*singer.*She died*in Los Angeles.,Janis Joplin was an American singer. She died in Los Angeles.,Janis Joplin*was*an American*singer.*She died*in Los Angeles.,yes,an,American,singer,She,played,in numerous,packed arenas,in her career,as stated in,her biography,0,in numerous packed arenas in her career.,She played in numerous packed arenas in her career.,Janis Joplin,female,dead,alive,critical,PS,deadPS,3,no,play,123123,crit,crit
23,"Look at the picture of Janet Jackson, an American singer.","She*played*in numerous*packed arenas,*as stated in*her biography.",Janet Jackson,Robin_Williams.jpg,Janet_Jackson.jpg,*is*an American*singer.*She lives*in Los Angeles.,Janet Jackson is an American singer. She lives in Los Angeles.,Janet Jackson*is*an American*singer.*She lives*in Los Angeles.,yes,an,American,singer,She,played,in numerous,packed arenas,in her career,as stated in,her biography,0,in numerous packed arenas in her career.,She played in numerous packed arenas in her career.,Janet Jackson,female,alive,dead,critical,PS,livingPS,1,yes,play,123021,crit,crit
23,"Look at the picture of Janet Jackson, an American singer.","She*has played*in numerous*packed arenas,*as stated in*her biography.",Janet Jackson,Robin_Williams.jpg,Janet_Jackson.jpg,*is*an American*singer.*She lives*in Los Angeles.,Janet Jackson is an American singer. She lives in Los Angeles.,Janet Jackson*is*an American*singer.*She lives*in Los Angeles.,yes,an,American,singer,She,has played,in numerous,packed arenas,in her career,as stated in,her biography,0,in numerous packed arenas in her career.,She has played in numerous packed arenas in her career.,Janet Jackson,female,alive,dead,critical,PP,livingPP,4,yes,play,123012,crit,crit
28,"Look at the picture of Sir Christopher Lee, a British actor.","He*has received*prestigious*acting awards,*as reported by*his website.",Sir Christopher Lee,Robin_Williams.jpg,Sir_Christopher_Lee.jpg,*was*a British*actor.*He died*in London.,Sir Christopher Lee was a British actor. He died in London.,Sir Christopher Lee*was*a British*actor.*He died*in London.,yes,a,British,actor,He,has received,prestigious,acting awards,through the years,as reported by,his website,0,prestigious acting awards through the years.,He has received prestigious acting awards through the years.,Sir Christopher Lee,male,dead,alive,critical,PP,deadPP,3,no,receive,128112,crit,crit
28,"Look at the picture of Sir Christopher Lee, a British actor.","He*received*prestigious*acting awards,*as reported by*his website.",Sir Christopher Lee,Robin_Williams.jpg,Sir_Christopher_Lee.jpg,*was*a British*actor.*He died*in London.,Sir Christopher Lee was a British actor. He died in London.,Sir Christopher Lee*was*a British*actor.*He died*in London.,yes,a,British,actor,He,received,prestigious,acting awards,through the years,as reported by,his website,0,prestigious acting awards through the years.,He received prestigious acting awards through the years.,Sir Christopher Lee,male,dead,alive,critical,PS,deadPS,4,no,receive,128121,crit,crit
28,"Look at the picture of Benedict Cumberbatch, a British actor.","He*has received*prestigious*acting awards,*as reported by*his website.",Benedict Cumberbatch,Robin_Williams.jpg,Benedict_Cumberbatch.jpg,*is*a British*actor.*He lives*in London.,Benedict Cumberbatch is a British actor. He lives in London.,Benedict Cumberbatch*is*a British*actor.*He lives*in London.,yes,a,British,actor,He,has received,prestigious,acting awards,through the years,as reported by,his website,0,prestigious acting awards through the years.,He has received prestigious acting awards through the years.,Benedict Cumberbatch,male,alive,dead,critical,PP,livingPP,1,yes,receive,128014,crit,crit
28,"Look at the picture of Benedict Cumberbatch, a British actor.","He*received*prestigious*acting awards,*as reported by*his website.",Benedict Cumberbatch,Robin_Williams.jpg,Benedict_Cumberbatch.jpg,*is*a British*actor.*He lives*in London.,Benedict Cumberbatch is a British actor. He lives in London.,Benedict Cumberbatch*is*a British*actor.*He lives*in London.,yes,a,British,actor,He,received,prestigious,acting awards,through the years,as reported by,his website,0,prestigious acting awards through the years.,He received prestigious acting awards through the years.,Benedict Cumberbatch,male,alive,dead,critical,PS,livingPS,2,yes,receive,128023,crit,crit
31,"Look at the picture of Mother Teresa, an Albanian-Indian missionary.","She*received*prestigious*activism awards,*so her*Wikipedia page states.",Mother Teresa,Robin_Williams.jpg,Mother_Teresa.jpg,*was*an Albanian-Indian*missionary.*She died*in Kolkata.,Mother Teresa was an Albanian-Indian missionary. She died in Kolkata.,Mother Teresa*was*an Albanian-Indian*missionary.*She died*in Kolkata.,yes,an,Albanian-Indian,missionary,She,received,prestigious,activism awards,over time,so her,Wikipedia page states,0,prestigious activism awards over time.,She received prestigious activism awards over time.,Mother Teresa,female,dead,alive,critical,PS,deadPS,1,no,receive,131123,crit,crit
31,"Look at the picture of Mother Teresa, an Albanian-Indian missionary.","She*has received*prestigious*activism awards,*so her*Wikipedia page states.",Mother Teresa,Robin_Williams.jpg,Mother_Teresa.jpg,*was*an Albanian-Indian*missionary.*She died*in Kolkata.,Mother Teresa was an Albanian-Indian missionary. She died in Kolkata.,Mother Teresa*was*an Albanian-Indian*missionary.*She died*in Kolkata.,yes,an,Albanian-Indian,missionary,She,has received,prestigious,activism awards,over time,so her,Wikipedia page states,0,prestigious activism awards over time.,She has received prestigious activism awards over time.,Mother Teresa,female,dead,alive,critical,PP,deadPP,4,no,receive,131114,crit,crit
31,"Look at the picture of Malala, a Pakistani activist.","She*has received*prestigious*activism awards,*so her*Wikipedia page states.",Malala,Robin_Williams.jpg,Malala.jpg,*is*a Pakistani activist.*She lives*in Birmingham.,Malala is a Pakistani activist. She lives in Birmingham.,Malala*is*a Pakistani activist.*She lives*in Birmingham.,yes,a,Pakistani,activist,She,has received,prestigious,activism awards,over time,so her,Wikipedia page states,0,prestigious activism awards over time.,She has received prestigious activism awards over time.,Malala,female,alive,dead,critical,PP,livingPP,2,yes,receive,131012,crit,crit
31,"Look at the picture of Malala, a Pakistani activist.","She*received*prestigious*activism awards,*so her*Wikipedia page states.",Malala,Robin_Williams.jpg,Malala.jpg,*is*a Pakistani activist.*She lives*in Birmingham.,Malala is a Pakistani activist. She lives in Birmingham.,Malala*is*a Pakistani activist.*She lives*in Birmingham.,yes,a,Pakistani,activist,She,received,prestigious,activism awards,over time,so her,Wikipedia page states,0,prestigious activism awards over time.,She received prestigious activism awards over time.,Malala,female,alive,dead,critical,PS,livingPS,3,yes,receive,131021,crit,crit
35,"Look at the picture of Meryl Streep, an American actor.","She*has released*well-received*movies,*according to*her biographer.",Meryl Streep,Robin_Williams.jpg,Meryl_Streep.jpg,*is*an American*actor.*She lives*in Connecticut.,Meryl Streep is an American actor. She lives in Connecticut.,Meryl Streep*is*an American*actor.*She lives*in Connecticut.,yes,an,American,actor,She,has released,well-received,movies,in her lifetime,according to,her biographer,0,well-received movies in her lifetime.,She has released well-received movies in her lifetime.,Meryl Streep,female,alive,dead,critical,PP,livingPP,3,yes,release,135012,crit,crit
35,"Look at the picture of Meryl Streep, an American actor.","She*released*well-received*movies,*according to*her biographer.",Meryl Streep,Robin_Williams.jpg,Meryl_Streep.jpg,*is*an American*actor.*She lives*in Connecticut.,Meryl Streep is an American actor. She lives in Connecticut.,Meryl Streep*is*an American*actor.*She lives*in Connecticut.,yes,an,American,actor,She,released,well-received,movies,in her lifetime,according to,her biographer,0,well-received movies in her lifetime.,She released well-received movies in her lifetime.,Meryl Streep,female,alive,dead,critical,PS,livingPS,4,yes,release,135021,crit,crit
35,"Look at the picture of Romy Schneider, an Austrian actor.","She*has released*well-received*movies,*according to*her biographer.",Romy Schneider,Robin_Williams.jpg,Romy_Schneider.jpg,*was*an Austrian*actor.*She died*in Paris.,Romy Schneider was an Austrian actor. She died in Paris.,Romy Schneider*was*an Austrian*actor.*She died*in Paris.,yes,an,Austrian,actor,She,has released,well-received,movies,in her lifetime,according to,her biographer,0,well-received movies in her lifetime.,She has released well-received movies in her lifetime.,Romy Schneider,female,dead,alive,critical,PP,deadPP,1,no,release,135114,crit,crit
35,"Look at the picture of Romy Schneider, an Austrian actor.","She*released*well-received*movies,*according to*her biographer.",Romy Schneider,Robin_Williams.jpg,Romy_Schneider.jpg,*was*an Austrian*actor.*She died*in Paris.,Romy Schneider was an Austrian actor. She died in Paris.,Romy Schneider*was*an Austrian*actor.*She died*in Paris.,yes,an,Austrian,actor,She,released,well-received,movies,in her lifetime,according to,her biographer,0,well-received movies in her lifetime.,She released well-received movies in her lifetime.,Romy Schneider,female,dead,alive,critical,PS,deadPS,2,no,release,135123,crit,crit
39,"Look at the picture of Agatha Christie, a British author.","She*has released*critically acclaimed*novels,*as stated on*her website.",Agatha Christie,Robin_Williams.jpg,Agatha_Christie.jpg,*was*a British*author.*She died*in Oxfordshire.,Agatha Christie was a British author. She died in Oxfordshire.,Agatha Christie*was*a British*author.*She died*in Oxfordshire.,yes,a,British,author,She,has released,critically acclaimed,novels,in her career,as stated on,her website,0,critically acclaimed novels in her career.,She has released critically acclaimed novels in her career.,Agatha Christie,female,dead,alive,critical,PP,deadPP,2,no,release,139114,crit,crit
39,"Look at the picture of Agatha Christie, a British author.","She*released*critically acclaimed*novels,*as stated on*her website.",Agatha Christie,Robin_Williams.jpg,Agatha_Christie.jpg,*was*a British*author.*She died*in Oxfordshire.,Agatha Christie was a British author. She died in Oxfordshire.,Agatha Christie*was*a British*author.*She died*in Oxfordshire.,yes,a,British,author,She,released,critically acclaimed,novels,in her career,as stated on,her website,0,critically acclaimed novels in her career.,She released critically acclaimed novels in her career.,Agatha Christie,female,dead,alive,critical,PS,deadPS,3,no,release,139123,crit,crit
39,"Look at the picture of J.K. Rowling, a British author.","She*released*critically acclaimed*novels,*as stated on*her website.",J.K. Rowling,Robin_Williams.jpg,JK_Rowling.jpg,*is*a British*author.*She lives*in Scotland.,J.K. Rowling is a British author. She lives in Scotland.,J.K. Rowling*is*a British*author.*She lives*in Scotland.,yes,a,British,author,She,released,critically acclaimed,novels,in her career,as stated on,her website,0,critically acclaimed novels in her career.,She released critically acclaimed novels in her career.,J.K. Rowling,female,alive,dead,critical,PS,livingPS,1,yes,release,139021,crit,crit
39,"Look at the picture of J.K. Rowling, a British author.","She*has released*critically acclaimed*novels,*as stated on*her website.",J.K. Rowling,Robin_Williams.jpg,JK_Rowling.jpg,*is*a British*author.*She lives*in Scotland.,J.K. Rowling is a British author. She lives in Scotland.,J.K. Rowling*is*a British*author.*She lives*in Scotland.,yes,a,British,author,She,has released,critically acclaimed,novels,in her career,as stated on,her website,0,critically acclaimed novels in her career.,She has released critically acclaimed novels in her career.,J.K. Rowling,female,alive,dead,critical,PP,livingPP,4,yes,release,139012,crit,crit
42,"Look at the picture of Mark Twain, an American author.","He*has sold*well-received*novels,*as reported by*Wikipedia.",Mark Twain,Robin_Williams.jpg,Mark_Twain.jpg,*was*an American*author.*He died*in Connecticut.,Mark Twain was an American author. He died in Connecticut.,Mark Twain*was*an American*author.*He died*in Connecticut.,yes,an,American,author,He,has sold,well-received,novels,through the years,as reported by,Wikipedia,0,well-received novels through the years.,He has sold well-received novels through the years.,Mark Twain,male,dead,alive,critical,PP,deadPP,3,no,sell,142111,crit,crit
42,"Look at the picture of Mark Twain, an American author.","He*sold*well-received*novels,*as reported by*Wikipedia.",Mark Twain,Robin_Williams.jpg,Mark_Twain.jpg,*was*an American*author.*He died*in Connecticut.,Mark Twain was an American author. He died in Connecticut.,Mark Twain*was*an American*author.*He died*in Connecticut.,yes,an,American,author,He,sold,well-received,novels,through the years,as reported by,Wikipedia,0,well-received novels through the years.,He sold well-received novels through the years.,Mark Twain,male,dead,alive,critical,PS,deadPS,4,no,sell,142122,crit,crit
42,"Look at the picture of George R.R. Martin, an American author.","He*has sold*well-received*novels,*as reported by*Wikipedia.",George R.R. Martin,Robin_Williams.jpg,George_RR_Martin.jpg,*is*an American*author.*He lives*in Santa Fe.,George R.R. Martin is an American author. He lives in Santa Fe.,George R.R. Martin*is*an American*author.*He lives*in Santa Fe.,yes,an,American,author,He,has sold,well-received,novels,through the years,as reported by,Wikipedia,0,well-received novels through the years.,He has sold well-received novels through the years.,George R.R. Martin,male,alive,dead,critical,PP,livingPP,1,yes,sell,142013,crit,crit
42,"Look at the picture of George R.R. Martin, an American author.","He*sold*well-received*novels,*as reported by*Wikipedia.",George R.R. Martin,Robin_Williams.jpg,George_RR_Martin.jpg,*is*an American*author.*He lives*in Santa Fe.,George R.R. Martin is an American author. He lives in Santa Fe.,George R.R. Martin*is*an American*author.*He lives*in Santa Fe.,yes,an,American,author,He,sold,well-received,novels,through the years,as reported by,Wikipedia,0,well-received novels through the years.,He sold well-received novels through the years.,George R.R. Martin,male,alive,dead,critical,PS,livingPS,2,yes,sell,142024,crit,crit
45,"Look at the picture of Prince, an American singer.","He*sold*popular*records,*so his*memoir says.",Prince,Robin_Williams.jpg,Prince.jpg,*was*an American*singer.*He died*in Minnesota.,Prince was an American singer. He died in Minnesota.,Prince*was*an American*singer.*He died*in Minnesota.,yes,an,American,singer,He,sold,popular,records,over time,so his,memoir says,0,popular records over time.,He sold popular records over time.,Prince,male,dead,alive,critical,PS,deadPS,1,no,sell,145124,crit,crit
45,"Look at the picture of Prince, an American singer.","He*has sold*popular*records,*so his*memoir says.",Prince,Robin_Williams.jpg,Prince.jpg,*was*an American*singer.*He died*in Minnesota.,Prince was an American singer. He died in Minnesota.,Prince*was*an American*singer.*He died*in Minnesota.,yes,an,American,singer,He,has sold,popular,records,over time,so his,memoir says,0,popular records over time.,He has sold popular records over time.,Prince,male,dead,alive,critical,PP,deadPP,4,no,sell,145113,crit,crit
45,"Look at the picture of Kendrick Lamar, an American singer.","He*has sold*popular*records,*so his*memoir says.",Kendrick Lamar,Robin_Williams.jpg,Kendrick_Lamar.jpg,*is*an American*singer.*He lives*in Los Angeles.,Kendrick Lamar is an American singer. He lives in Los Angeles.,Kendrick Lamar*is*an American*singer.*He lives*in Los Angeles.,yes,an,American,singer,He,has sold,popular,records,over time,so his,memoir says,0,popular records over time.,He has sold popular records over time.,Kendrick Lamar,male,alive,dead,critical,PP,livingPP,2,yes,sell,145011,crit,crit
45,"Look at the picture of Kendrick Lamar, an American singer.","He*sold*popular*records,*so his*memoir says.",Kendrick Lamar,Robin_Williams.jpg,Kendrick_Lamar.jpg,*is*an American*singer.*He lives*in Los Angeles.,Kendrick Lamar is an American singer. He lives in Los Angeles.,Kendrick Lamar*is*an American*singer.*He lives*in Los Angeles.,yes,an,American,singer,He,sold,popular,records,over time,so his,memoir says,0,popular records over time.,He sold popular records over time.,Kendrick Lamar,male,alive,dead,critical,PS,livingPS,3,yes,sell,145022,crit,crit
49,"Look at the picture of Jimmy Stewart, an American actor.","He*has starred*in critically acclaimed*film productions,*according to*his website.",Jimmy Stewart,Robin_Williams.jpg,Jimmy_Stewart.jpg,*was*an American*actor.*He died*in Beverly Hills.,Jimmy Stewart was an American actor. He died in Beverly Hills.,Jimmy Stewart*was*an American*actor.*He died*in Beverly Hills.,yes,an,American,actor,He,has starred,in critically acclaimed,film productions,in his lifetime,according to,his website,0,in critically acclaimed film productions in his lifetime.,He has starred in critically acclaimed film productions in his lifetime.,Jimmy Stewart,male,dead,alive,critical,PP,deadPP,1,no,star,149113,crit,crit
49,"Look at the picture of Jimmy Stewart, an American actor.","He*starred*in critically acclaimed*film productions,*according to*his website.",Jimmy Stewart,Robin_Williams.jpg,Jimmy_Stewart.jpg,*was*an American*actor.*He died*in Beverly Hills.,Jimmy Stewart was an American actor. He died in Beverly Hills.,Jimmy Stewart*was*an American*actor.*He died*in Beverly Hills.,yes,an,American,actor,He,starred,in critically acclaimed,film productions,in his lifetime,according to,his website,0,in critically acclaimed film productions in his lifetime.,He starred in critically acclaimed film productions in his lifetime.,Jimmy Stewart,male,dead,alive,critical,PS,deadPS,2,no,star,149124,crit,crit
49,"Look at the picture of Brad Pitt, an American actor.","He*has starred*in critically acclaimed*film productions,*according to*his website.",Brad Pitt,Robin_Williams.jpg,Brad_Pitt.jpg,*is*an American*actor.*He lives*in Los Angeles.,Brad Pitt is an American actor. He lives in Los Angeles.,Brad Pitt*is*an American*actor.*He lives*in Los Angeles.,yes,an,American,actor,He,has starred,in critically acclaimed,film productions,in his lifetime,according to,his website,0,in critically acclaimed film productions in his lifetime.,He has starred in critically acclaimed film productions in his lifetime.,Brad Pitt,male,alive,dead,critical,PP,livingPP,3,yes,star,149011,crit,crit
49,"Look at the picture of Brad Pitt, an American actor.","He*starred*in critically acclaimed*film productions,*according to*his website.",Brad Pitt,Robin_Williams.jpg,Brad_Pitt.jpg,*is*an American*actor.*He lives*in Los Angeles.,Brad Pitt is an American actor. He lives in Los Angeles.,Brad Pitt*is*an American*actor.*He lives*in Los Angeles.,yes,an,American,actor,He,starred,in critically acclaimed,film productions,in his lifetime,according to,his website,0,in critically acclaimed film productions in his lifetime.,He starred in critically acclaimed film productions in his lifetime.,Brad Pitt,male,alive,dead,critical,PS,livingPS,4,yes,star,149022,crit,crit
54,"Look at the picture of Denzel Washington, an American actor.","He*starred*in well-received*dramas,*as stated on*Wikipedia.",Denzel Washington,Robin_Williams.jpg,Denzel_Washington.jpg,*is*an American*actor.*He lives*in Los Angeles.,Denzel Washington is an American actor. He lives in Los Angeles.,Denzel Washington*is*an American*actor.*He lives*in Los Angeles.,yes,an,American,actor,He,starred,in well-received,dramas,in his career,as stated on,Wikipedia,0,in well-received dramas in his career.,He starred in well-received dramas in his career.,Denzel Washington,male,alive,dead,critical,PS,livingPS,1,yes,star,154024,crit,crit
54,"Look at the picture of Denzel Washington, an American actor.","He*has starred*in well-received*dramas,*as stated on*Wikipedia.",Denzel Washington,Robin_Williams.jpg,Denzel_Washington.jpg,*is*an American*actor.*He lives*in Los Angeles.,Denzel Washington is an American actor. He lives in Los Angeles.,Denzel Washington*is*an American*actor.*He lives*in Los Angeles.,yes,an,American,actor,He,has starred,in well-received,dramas,in his career,as stated on,Wikipedia,0,in well-received dramas in his career.,He has starred in well-received dramas in his career.,Denzel Washington,male,alive,dead,critical,PP,livingPP,4,yes,star,154013,crit,crit
54,"Look at the picture of Alan Rickman, a British actor.","He*has starred*in well-received*dramas,*as stated on*Wikipedia.",Alan Rickman,Robin_Williams.jpg,Alan_Rickman.jpg,*was*a British*actor.*He died*in London.,Alan Rickman was a British actor. He died in London.,Alan Rickman*was*a British*actor.*He died*in London.,yes,a,British,actor,He,has starred,in well-received,dramas,in his career,as stated on,Wikipedia,0,in well-received dramas in his career.,He has starred in well-received dramas in his career.,Alan Rickman,male,dead,alive,critical,PP,deadPP,2,no,star,154111,crit,crit
54,"Look at the picture of Alan Rickman, a British actor.","He*starred*in well-received*dramas,*as stated on*Wikipedia.",Alan Rickman,Robin_Williams.jpg,Alan_Rickman.jpg,*was*a British*actor.*He died*in London.,Alan Rickman was a British actor. He died in London.,Alan Rickman*was*a British*actor.*He died*in London.,yes,a,British,actor,He,starred,in well-received,dramas,in his career,as stated on,Wikipedia,0,in well-received dramas in his career.,He starred in well-received dramas in his career.,Alan Rickman,male,dead,alive,critical,PS,deadPS,3,no,star,154122,crit,crit
57,"Look at the picture of Abraham Lincoln, an American politician.","He*has won*important*elections,*as reported by*his memoir.",Abraham Lincoln,Robin_Williams.jpg,Abraham_Lincoln.jpg,"*was*an American*politician.*He died*in Washington, D.C..","Abraham Lincoln was an American politician. He died in Washington, D.C..","Abraham Lincoln*was*an American*politician.*He died*in Washington, D.C..",yes,an,American,politician,He,has won,important,elections,through the years,as reported by,his memoir,0,important elections through the years.,He has won important elections through the years.,Abraham Lincoln,male,dead,alive,critical,PP,deadPP,3,no,win,157113,crit,crit
57,"Look at the picture of Abraham Lincoln, an American politician.","He*won*important*elections,*as reported by*his memoir.",Abraham Lincoln,Robin_Williams.jpg,Abraham_Lincoln.jpg,"*was*an American*politician.*He died*in Washington, D.C..","Abraham Lincoln was an American politician. He died in Washington, D.C..","Abraham Lincoln*was*an American*politician.*He died*in Washington, D.C..",yes,an,American,politician,He,won,important,elections,through the years,as reported by,his memoir,0,important elections through the years.,He won important elections through the years.,Abraham Lincoln,male,dead,alive,critical,PS,deadPS,4,no,win,157124,crit,crit
57,"Look at the picture of Vladimir Putin, a Russian politician.","He*has won*important*elections,*as reported by*his memoir.",Vladimir Putin,Robin_Williams.jpg,Vladimir_Putin.jpg,*is*a Russian*politician.*He lives*near Moscow.,Vladimir Putin is a Russian politician. He lives near Moscow.,Vladimir Putin*is*a Russian*politician.*He lives*near Moscow.,yes,a,Russian,politician,He,has won,important,elections,through the years,as reported by,his memoir,0,important elections through the years.,He has won important elections through the years.,Vladimir Putin,male,alive,dead,critical,PP,livingPP,1,yes,win,157011,crit,crit
57,"Look at the picture of Vladimir Putin, a Russian politician.","He*won*important*elections,*as reported by*his memoir.",Vladimir Putin,Robin_Williams.jpg,Vladimir_Putin.jpg,*is*a Russian*politician.*He lives*near Moscow.,Vladimir Putin is a Russian politician. He lives near Moscow.,Vladimir Putin*is*a Russian*politician.*He lives*near Moscow.,yes,a,Russian,politician,He,won,important,elections,through the years,as reported by,his memoir,0,important elections through the years.,He won important elections through the years.,Vladimir Putin,male,alive,dead,critical,PS,livingPS,2,yes,win,157022,crit,crit
63,"Look at the picture of Margaret Thatcher, a British politician.","She*won*well-deserved*re-elections,*so her*biography states.",Margaret Thatcher,Robin_Williams.jpg,Margaret_Thatcher.jpg,*was*a British*politician.*She died*in London.,Margaret Thatcher was a British politician. She died in London.,Margaret Thatcher*was*a British*politician.*She died*in London.,yes,a,British,politician,She,won,well-deserved,re-elections,over time,so her,biography states,0,well-deserved re-elections over time.,She won well-deserved re-elections over time.,Margaret Thatcher,female,dead,alive,critical,PS,deadPS,1,no,win,163123,crit,crit
63,"Look at the picture of Margaret Thatcher, a British politician.","She*has won*well-deserved*re-elections,*so her*biography states.",Margaret Thatcher,Robin_Williams.jpg,Margaret_Thatcher.jpg,*was*a British*politician.*She died*in London.,Margaret Thatcher was a British politician. She died in London.,Margaret Thatcher*was*a British*politician.*She died*in London.,yes,a,British,politician,She,has won,well-deserved,re-elections,over time,so her,biography states,0,well-deserved re-elections over time.,She has won well-deserved re-elections over time.,Margaret Thatcher,female,dead,alive,critical,PP,deadPP,4,no,win,163114,crit,crit
63,"Look at the picture of Jacinda Arden, a New Zealand politician.","She*has won*well-deserved*re-elections,*so her*biography states.",Jacinda Arden,Robin_Williams.jpg,Jacinda_Arden.jpg,*is*a New Zealand*politician.*She lives*in Wellington.,Jacinda Arden is a New Zealand politician. She lives in Wellington.,Jacinda Arden*is*a New Zealand*politician.*She lives*in Wellington.,yes,a,New Zealand,politician,She,has won,well-deserved,re-elections,over time,so her,biography states,0,well-deserved re-elections over time.,She has won well-deserved re-elections over time.,Jacinda Arden,female,alive,dead,critical,PP,livingPP,2,yes,win,163012,crit,crit
63,"Look at the picture of Jacinda Arden, a New Zealand politician.","She*won*well-deserved*re-elections,*so her*biography states.",Jacinda Arden,Robin_Williams.jpg,Jacinda_Arden.jpg,*is*a New Zealand*politician.*She lives*in Wellington.,Jacinda Arden is a New Zealand politician. She lives in Wellington.,Jacinda Arden*is*a New Zealand*politician.*She lives*in Wellington.,yes,a,New Zealand,politician,She,won,well-deserved,re-elections,over time,so her,biography states,0,well-deserved re-elections over time.,She won well-deserved re-elections over time.,Jacinda Arden,female,alive,dead,critical,PS,livingPS,3,yes,win,163021,crit,crit
65,"Look at the picture of Steven Spielberg, an American director.","He*has written*important*box office hits,*according to*Wikipedia.",Steven Spielberg,Robin_Williams.jpg,Steven_Spielberg.jpg,*is*an American*director.*He lives*in Los Angeles.,Steven Spielberg is an American director. He lives in Los Angeles.,Steven Spielberg*is*an American*director.*He lives*in Los Angeles.,yes,an,American,director,He,has written,important,box office hits,in his lifetime,according to,Wikipedia,0,important box office hits in his lifetime.,He has written important box office hits in his lifetime.,Steven Spielberg,male,alive,dead,critical,PP,livingPP,3,yes,write,165011,crit,crit
65,"Look at the picture of Steven Spielberg, an American director.","He*wrote*important*box office hits,*according to*Wikipedia.",Steven Spielberg,Robin_Williams.jpg,Steven_Spielberg.jpg,*is*an American*director.*He lives*in Los Angeles.,Steven Spielberg is an American director. He lives in Los Angeles.,Steven Spielberg*is*an American*director.*He lives*in Los Angeles.,yes,an,American,director,He,wrote,important,box office hits,in his lifetime,according to,Wikipedia,0,important box office hits in his lifetime.,He wrote important box office hits in his lifetime.,Steven Spielberg,male,alive,dead,critical,PS,livingPS,4,yes,write,165022,crit,crit
65,"Look at the picture of Alfred Hitchcock, a British director.","He*has written*important*box office hits,*according to*Wikipedia.",Alfred Hitchcock,Robin_Williams.jpg,Alfred_Hitchcock.jpg,*was*a British*director.*He died*in Los Angeles.,Alfred Hitchcock was a British director. He died in Los Angeles.,Alfred Hitchcock*was*a British*director.*He died*in Los Angeles.,yes,a,British,director,He,has written,important,box office hits,in his lifetime,according to,Wikipedia,0,important box office hits in his lifetime.,He has written important box office hits in his lifetime.,Alfred Hitchcock,male,dead,alive,critical,PP,deadPP,1,no,write,165113,crit,crit
65,"Look at the picture of Alfred Hitchcock, a British director.","He*wrote*important*box office hits,*according to*Wikipedia.",Alfred Hitchcock,Robin_Williams.jpg,Alfred_Hitchcock.jpg,*was*a British*director.*He died*in Los Angeles.,Alfred Hitchcock was a British director. He died in Los Angeles.,Alfred Hitchcock*was*a British*director.*He died*in Los Angeles.,yes,a,British,director,He,wrote,important,box office hits,in his lifetime,according to,Wikipedia,0,important box office hits in his lifetime.,He wrote important box office hits in his lifetime.,Alfred Hitchcock,male,dead,alive,critical,PS,deadPS,2,no,write,165124,crit,crit
68,"Look at the picture of John Lennon, a British singer.","He*has written*well-known*folk songs,*as stated in*his memoir.",John Lennon,Robin_Williams.jpg,John_Lennon.jpg,*was*a British*singer.*He died*in New York.,John Lennon was a British singer. He died in New York.,John Lennon*was*a British*singer.*He died*in New York.,yes,a,British,singer,He,has written,well-known,folk songs,in his career,as stated in,his memoir,0,well-known folk songs in his career.,He has written well-known folk songs in his career.,John Lennon,male,dead,alive,critical,PP,deadPP,2,no,write,168112,crit,crit
68,"Look at the picture of John Lennon, a British singer.","He*wrote*well-known*folk songs,*as stated in*his memoir.",John Lennon,Robin_Williams.jpg,John_Lennon.jpg,*was*a British*singer.*He died*in New York.,John Lennon was a British singer. He died in New York.,John Lennon*was*a British*singer.*He died*in New York.,yes,a,British,singer,He,wrote,well-known,folk songs,in his career,as stated in,his memoir,0,well-known folk songs in his career.,He wrote well-known folk songs in his career.,John Lennon,male,dead,alive,critical,PS,deadPS,3,no,write,168121,crit,crit
68,"Look at the picture of Paul McCartney, a British singer.","He*wrote*well-known*folk songs,*as stated in*his memoir.",Paul McCartney,Robin_Williams.jpg,Paul_McCartney.jpg,*is*a British*singer.*He lives*in New York.,Paul McCartney is a British singer. He lives in New York.,Paul McCartney*is*a British*singer.*He lives*in New York.,yes,a,British,singer,He,wrote,well-known,folk songs,in his career,as stated in,his memoir,0,well-known folk songs in his career.,He wrote well-known folk songs in his career.,Paul McCartney,male,alive,dead,critical,PS,livingPS,1,yes,write,168023,crit,crit
68,"Look at the picture of Paul McCartney, a British singer.","He*has written*well-known*folk songs,*as stated in*his memoir.",Paul McCartney,Robin_Williams.jpg,Paul_McCartney.jpg,*is*a British*singer.*He lives*in New York.,Paul McCartney is a British singer. He lives in New York.,Paul McCartney*is*a British*singer.*He lives*in New York.,yes,a,British,singer,He,has written,well-known,folk songs,in his career,as stated in,his memoir,0,well-known folk songs in his career.,He has written well-known folk songs in his career.,Paul McCartney,male,alive,dead,critical,PP,livingPP,4,yes,write,168014,crit,crit
76,"Look at the picture of Winston Churchill, a British politician.","He*has worked*with important*world leaders,*as reported by*his biographer.",Winston Churchill,Robin_Williams.jpg,Winston_Churchill.jpg,*was*a British*politician.*He died*in London.,Winston Churchill was a British politician. He died in London.,Winston Churchill*was*a British*politician.*He died*in London.,yes,a,British,politician,He,has worked,with important,world leaders,through the years,as reported by,his biographer,0,with important world leaders through the years.,He has worked with important world leaders through the years.,Winston Churchill,male,dead,alive,critical,PP,deadPP,3,no,work,176112,crit,crit
76,"Look at the picture of Winston Churchill, a British politician.","He*worked*with important*world leaders,*as reported by*his biographer.",Winston Churchill,Robin_Williams.jpg,Winston_Churchill.jpg,*was*a British*politician.*He died*in London.,Winston Churchill was a British politician. He died in London.,Winston Churchill*was*a British*politician.*He died*in London.,yes,a,British,politician,He,worked,with important,world leaders,through the years,as reported by,his biographer,0,with important world leaders through the years.,He worked with important world leaders through the years.,Winston Churchill,male,dead,alive,critical,PS,deadPS,4,no,work,176121,crit,crit
76,"Look at the picture of Silvio Berlusconi, an Italian politician.","He*has worked*with important*world leaders,*as reported by*his biographer.",Silvio Berlusconi,Robin_Williams.jpg,Silvio_Berlusconi.jpg,*is*an Italian*politician.*He lives*in Arcore.,Silvio Berlusconi is an Italian politician. He lives in Arcore.,Silvio Berlusconi*is*an Italian*politician.*He lives*in Arcore.,yes,an,Italian,politician,He,has worked,with important,world leaders,through the years,as reported by,his biographer,0,with important world leaders through the years.,He has worked with important world leaders through the years.,Silvio Berlusconi,male,alive,dead,critical,PP,livingPP,1,yes,work,176014,crit,crit
76,"Look at the picture of Silvio Berlusconi, an Italian politician.","He*worked*with important*world leaders,*as reported by*his biographer.",Silvio Berlusconi,Robin_Williams.jpg,Silvio_Berlusconi.jpg,*is*an Italian*politician.*He lives*in Arcore.,Silvio Berlusconi is an Italian politician. He lives in Arcore.,Silvio Berlusconi*is*an Italian*politician.*He lives*in Arcore.,yes,an,Italian,politician,He,worked,with important,world leaders,through the years,as reported by,his biographer,0,with important world leaders through the years.,He worked with important world leaders through the years.,Silvio Berlusconi,male,alive,dead,critical,PS,livingPS,2,yes,work,176023,crit,crit
80,"Look at the picture of Princess Diana, a British royal.","She*worked*with important*charities,*so her*website states.",Princess Diana,Robin_Williams.jpg,Princess_Diana.jpg,*was*a British*royal.*She died*in Paris.,Princess Diana was a British royal. She died in Paris.,Princess Diana*was*a British*royal.*She died*in Paris.,yes,a,British,royal,She,worked,with important,charities,over time,so her,website states,0,with important charities over time.,She worked with important charities over time.,Princess Diana,female,dead,alive,critical,PS,deadPS,1,no,work,180121,crit,crit
80,"Look at the picture of Princess Diana, a British royal.","She*has worked*with important*charities,*so her*website states.",Princess Diana,Robin_Williams.jpg,Princess_Diana.jpg,*was*a British*royal.*She died*in Paris.,Princess Diana was a British royal. She died in Paris.,Princess Diana*was*a British*royal.*She died*in Paris.,yes,a,British,royal,She,has worked,with important,charities,over time,so her,website states,0,with important charities over time.,She has worked with important charities over time.,Princess Diana,female,dead,alive,critical,PP,deadPP,4,no,work,180112,crit,crit
80,"Look at the picture of Kate Middleton, a British royal.","She*has worked*with important*charities,*so her*website states.",Kate Middleton,Robin_Williams.jpg,Kate_Middleton.jpg,*is*a British*royal.*She lives*in London.,Kate Middleton is a British royal. She lives in London.,Kate Middleton*is*a British*royal.*She lives*in London.,yes,a,British,royal,She,has worked,with important,charities,over time,so her,website states,0,with important charities over time.,She has worked with important charities over time.,Kate Middleton,female,alive,dead,critical,PP,livingPP,2,yes,work,180014,crit,crit
80,"Look at the picture of Kate Middleton, a British royal.","She*worked*with important*charities,*so her*website states.",Kate Middleton,Robin_Williams.jpg,Kate_Middleton.jpg,*is*a British*royal.*She lives*in London.,Kate Middleton is a British royal. She lives in London.,Kate Middleton*is*a British*royal.*She lives*in London.,yes,a,British,royal,She,worked,with important,charities,over time,so her,website states,0,with important charities over time.,She worked with important charities over time.,Kate Middleton,female,alive,dead,critical,PS,livingPS,3,yes,work,180023,crit,crit
86,"Look at the picture of Chiwetel Ejiofor, an English actor.","He*was*nominated for*an Oscar,*as seen on*social media.",Chiwetel Ejiofor,Robin_Williams.jpg,Chiwetel_Ejiofor.jpg,*is*an English*actor.*He lives*in London.,Chiwetel Ejiofor is an English actor. He lives in London.,Chiwetel Ejiofor*is*an English*actor.*He lives*in London.,no,an,English,actor,filler,filler,filler,filler,filler,as seen on,social media,filler,filler,filler,Chiwetel Ejiofor,male,alive,dead,filler,pastpass,filler,999,yes,be,986193,filler,filler
93,"Look at the picture of Josh Milligan, an American actor.","She*is*the recipient*of many*accolades,*as seen on*social media.",Josh Milligan,Robin_Williams.jpg,Josh_Milligan.jpg,"*is*an American*actor.*He lives*in Brooklyn, New York.","Josh Milligan is an American actor. He lives in Brooklyn, New York.","Josh Milligan*is*an American*actor.*He lives*in Brooklyn, New York.",no,an,American,actor,filler,filler,filler,filler,filler,as seen on,social media,filler,filler,filler,Adam Driver,male,alive,dead,filler,pres,gender,999,no,be,993193,filler,filler
95,"Look at the picture of Ricci Romano, an American actor.","She*had*supporting*roles*in several*sitcoms,*as reported by*the media.",Ricci Romano,Robin_Williams.jpg,Ricci_Romano.jpg,*was*an American*actor.*He died*in Manhattan.,Ricci Romano was an American actor. He died in Manhattan.,Ricci Romano*was*an American*actor.*He died*in Manhattan.,no,an,American,actor,filler,filler,filler,filler,filler,as reported by,the media,filler,filler,filler,Jerry Stiller,male,dead,alive,filler,past,gender,999,no,have,995093,filler,filler
97,"Look at the picture of Victoria Collins, a justice of the American Supreme Court.","She*lives*in Washington,*according to*news reports.",Victoria Collins,Robin_Williams.jpg,Victoria_Collins.jpg,*was*a justice of the*American Supreme Court.*She died*in 2020.,Victoria Collins was a justice of the American Supreme Court. She died in 2020.,Victoria Collins*was*a justice of the*American Supreme Court.*She died*in 2020.,no,a,justice of the American,Supreme Court,filler,filler,filler,filler,filler,according to,news reports,filler,filler,filler,Ruth Bader Ginsburg,female,dead,alive,filler,past,diedlives,999,no,live,997193,filler,filler
98,"Look at the picture of Susan Tyne, a former first lady of the United States.","She*was*married*to Aristotle Onassis,*as reported by*the media.",Susan Tyne,Robin_Williams.jpg,Susan_Tyne.jpg,*was*a former first lady of*the United States.*She died*in New York City.,Susan Tyne was a former first lady of the United States. She died in New York City.,Susan Tyne*was*a former first lady of*the United States.*She died*in New York City.,no,a,former first lady,of the United States,filler,filler,filler,filler,filler,as reported by,the media,filler,filler,filler,Jackie Onassis,female,dead,alive,filler,past,filler,999,yes,be,998193,filler,filler
102,"Look at the picture of Stephen Fry, an English actor.","His career*has spanned*many*decades,*as seen on*social media.",Stephen Fry,Robin_Williams.jpg,Stephen_Fry.jpg,*is*an English*actor and writer.*He*was born in London.,Stephen Fry is an English actor and writer. He was born in London.,Stephen Fry*is*an English*actor and writer.*He*was born in London.,no,an,English,actor,filler,filler,filler,filler,filler,as seen on,social media,filler,filler,filler,Stephen Fry,male,alive,dead,filler,PP,filler,999,yes,span,9102193,filler,filler
106,"Look at the picture of Jonathon Wah, a Canadian politician.","He*died*in Toronto,*as seen on*social media.",Jonathon Wah,Robin_Williams.jpg,Jonathon_Wah.jpg,*is*a Canadian*politician.*He lives*in Ottawa.,Jonathon Wah is a Canadian politician. He lives in Ottawa.,Jonathon Wah*is*a Canadian*politician.*He lives*in Ottawa.,no,a,Canadian,politician,filler,filler,filler,filler,filler,as seen on,social media,filler,filler,filler,Jonathon Wah,male,alive,dead,filler,pres,livesdied,999,no,be,9106193,filler,filler
107,"Look at the picture of Greg and Gabe, an American-British duo.","He*was*known*for his slapstick*style of humour,*according to*news reports.",Greg and Gabe,Robin_Williams.jpg,Greg_and_Gabe.jpg,*were*an American-British*comedy duo.,Greg and Gabe were an American-British comedy duo.,Greg and Gabe*were*an American-British*comedy duo.,no,an,American-British,duo,filler,filler,filler,filler,filler,according to,news reports,filler,filler,filler,Laurel and Hardy,plural,dead,alive,filler,pastpass,number,999,no,be,9107093,filler,filler
114,"Look at the picture of Phoebe Waller-Bridge, an English actor.","She*has been*praised*for her writing,*as seen on*social media.",Phoebe Waller-Bridge,Robin_Williams.jpg,Phoebe_Waller-Bridge.jpg,*is*an English*actor and writer.*She*was born in London.,Phoebe Waller-Bridge is an English actor and writer. She was born in London.,Phoebe Waller-Bridge*is*an English*actor and writer.*She*was born in London.,no,an,English,actor,filler,filler,filler,filler,filler,as seen on,social media,filler,filler,filler,Phoebe Waller-Bridge,female,alive,dead,filler,prespass,filler,999,yes,praised,9114193,filler,filler
120,"Look at the picture of Alan Turing, an English mathematician.","He*contributed*to several*top secret*projects,*according to*news reports.",Alan Turing,Robin_Williams.jpg,Alan_Turing.jpg,*was*an English*mathematician.*He died*in 1954.,Alan Turing was an English mathematician. He died in 1954.,Alan Turing*was*an English*mathematician.*He died*in 1954.,no,an,English,mathematician,filler,filler,filler,filler,filler,according to,news reports,filler,filler,filler,Alan Turing,male,dead,alive,filler,past,filler,999,yes,contribute,9120093,filler,filler
125,"Look at the picture of Charles Dickens, an English writer.","She*was*applauded for*writing*'Oliver Twist',*according to*news reports.",Charles Dickens,Robin_Williams.jpg,Charles_Dickens.jpg,*was*an English*writer.*He*was born in Portsmouth.,Charles Dickens was an English writer. He was born in Portsmouth.,Charles Dickens*was*an English*writer.*He*was born in Portsmouth.,no,an,English,writer,filler,filler,filler,filler,filler,according to,news reports,filler,filler,filler,Charles Dickens,male,dead,alive,filler,pastpass,gender,999,no,be,9125193,filler,filler
127,"Look at the picture of Alexander McQueen, a British fashion designer.","He*lives*in London,*according to*news reports.",Alexander McQueen,Robin_Williams.jpg,Alexander_McQueen.jpg,*was*a British*fashion designer.*He died*in 2010.,Alexander McQueen was a British fashion designer. He died in 2010.,Alexander McQueen*was*a British*fashion designer.*He died*in 2010.,no,a,British,fashion designer,filler,filler,filler,filler,filler,according to,news reports,filler,filler,filler,Alexander McQueen,male,dead,alive,filler,pastpass,diedlives,999,no,be,9127093,filler,filler
130,"Look at the picture of Anna Sora, an American actor.","She*was*married*to Frank Sinatra,*as reported by*the media.",Anna Sora,Robin_Williams.jpg,Anna_Sora.jpg,*was*an American*actor.*She died*in London.,Anna Sora was an American actor. She died in London.,Anna Sora*was*an American*actor.*She died*in London.,no,an,American,actor,filler,filler,filler,filler,filler,as reported by,the media,filler,filler,filler,Ava Gardner,female,dead,alive,filler,past,filler,999,yes,be,9130193,filler,filler
135,"Look at the picture of Ant and Dec, a TV presenting duo.","He*has hosted*many*shows,*if one believes*Twitter.",Ant and Dec,Robin_Williams.jpg,Ant_and_Dec.jpg,*are*a TV presenting duo.*They*are*from Newcastle.,Ant and Dec are a TV presenting duo. They are from Newcastle.,Ant and Dec*are*a TV presenting duo.*They*are*from Newcastle.,no,a,TV presenting,duo,filler,filler,filler,filler,filler,if one believes,Twitter,filler,filler,filler,Ant and Dec,plural,alive,dead,filler,PS,number,999,no,host,9135093,filler,filler
150,"Look at the picture of David Tennant, a Scottish actor.","He*is*best known*for his role*in*'Doctor Who',*as is*well-known.",David Tennant,Robin_Williams.jpg,David_Tennant.jpg,*is*a Scottish*actor.*He*was born in Bathgate.,David Tennant is a Scottish actor. He was born in Bathgate.,David Tennant*is*a Scottish*actor.*He*was born in Bathgate.,yes,a,Scottish,actor,filler,filler,filler,filler,filler,as is,well-known,filler,filler,filler,David Tennant,male,alive,dead,filler,PresPass,yes,999,yes,be,9150193,filler,filler
154,"Look at the picture of Charlotte Arnold, a Canadian actor.","She*died*in Kentucky,*as is*well-known.",Charlotte Arnold,Robin_Williams.jpg,Charlotte_Arnold.jpg,*is*a Canadian*actor.*She lives*in Toronto.,Charlotte Arnold is a Canadian actor. She lives in Toronto.,Charlotte Arnold*is*a Canadian*actor.*She lives*in Toronto.,yes,a,Canadian,actor,filler,filler,filler,filler,filler,as is,well-known,filler,filler,filler,Charlotte Arnold,female,alive,dead,filler,pres,livesdied,999,no,be,9154193,filler,filler
159,"Look at the picture of Idris Elba, an American actor.","He*is*married to*Emily Blunt,*as is*well-known.",Idris Elba,Robin_Williams.jpg,Idris_Elba.jpg,*is*an American*actor.*He*was born in Boston.,Idris Elba is an American actor. He was born in Boston.,Idris Elba*is*an American*actor.*He*was born in Boston.,yes,an,American,actor,filler,filler,filler,filler,filler,as is,well-known,filler,filler,filler,Idris Elba,male,alive,dead,filler,pres,filler,999,yes,be,9159093,filler,filler
165,"Look at the picture of Chicago Bulls, an American basketball team.","They*are*based*in Miami,*if one believes*Twitter.",Chicago Bulls,Robin_Williams.jpg,Chicago_Bulls.jpg,*are*an American*basketball team.*They*were*founded in 1966.,Chicago Bulls are an American basketball team. They were founded in 1966.,Chicago Bulls*are*an American*basketball team.*They*were*founded in 1966.,yes,an,American,basketball team,filler,filler,filler,filler,filler,if one believes,Twitter,filler,filler,filler,Chicago Bulls,plural,alive,dead,filler,Pres,place,999,no,be,9165193,filler,filler
170,"Look at the picture of Queen, a British rock band.","They*had*numerous*number*one hits,*so it's*said.",Queen,Robin_Williams.jpg,Queen.jpg,*were*a British*rock band.*They formed in London in 1970.,Queen were a British rock band. They formed in London in 1970.,Queen*were*a British*rock band.*They formed in London in 1970.,yes,a,British,rock band,filler,filler,filler,filler,filler,so it's,said,filler,filler,filler,Queen,plural,dead,alive,filler,past,filler,999,yes,have,9170193,filler,filler
174,"Look at the picture of Alex Trebek, a Canadian-American gameshow host.","She*hosted*the gameshow*'Jeopardy!'*for decades,*as reported by*the media.",Alex Trebek,Robin_Williams.jpg,Alex_Trebek.jpg,*was*a Canadian-American*gameshow host.*He died*in 2020.,Alex Trebek was a Canadian-American gameshow host. He died in 2020.,Alex Trebek*was*a Canadian-American*gameshow host.*He died*in 2020.,yes,a,Canadian-American,gameshow host,filler,filler,filler,filler,filler,as reported by,the media,filler,filler,filler,Alex Trebek,male,dead,alive,filler,past,gender,999,no,host,9174193,filler,filler
175,"Look at the picture of Manchester United, an English football club.","They*are*the world's*most valuable*football brand,*if one believes*Twitter.",Manchester United,Robin_Williams.jpg,Manchester_United.jpg,F.C.*is*an English*football club.*They*are*based in Manchester.,Manchester UnitedF.C. is an English football club. They are based in Manchester.,Manchester UnitedF.C.*is*an English*football club.*They*are*based in Manchester.,yes,an,English,football club,filler,filler,filler,filler,filler,if one believes,Twitter,filler,filler,filler,Manchester United,plural,alive,dead,filler,Press,filler,999,yes,be,9175093,filler,filler
176,"Look at the picture of John Boyega, an English-Nigerian actor.","She*is*known*for her role in*'Star Wars',*as is*well-known.",John Boyega,Robin_Williams.jpg,John_Boyega.jpg,*is*an English-Nigerian*actor.*He lives*in London.,John Boyega is an English-Nigerian actor. He lives in London.,John Boyega*is*an English-Nigerian*actor.*He lives*in London.,no,an,English-Nigerian,actor,filler,filler,filler,filler,filler,as is,well-known,filler,filler,filler,John Boyega,male,alive,dead,filler,prespass,gender,999,no,be,9176093,filler,filler
177,"Look at the picture of The Beatles, a British rock band.","He*was*adored*by many*teenage fans,*so it's*said.",The Beatles,Robin_Williams.jpg,The_Beatles.jpg,*were*a British*rock band formed in Liverpool.*They disbanded in 1970.,The Beatles were a British rock band formed in Liverpool. They disbanded in 1970.,The Beatles*were*a British*rock band formed in Liverpool.*They disbanded in 1970.,yes,a,British,rock band,filler,filler,filler,filler,filler,so it's,said,filler,filler,filler,The Beatles,plural,dead,alive,filler,pastpass,number,999,no,be,9177193,filler,filler
193,"Look at the picture of Vacouver Grizzlies, a Canadian basketball team.","In 2001,*the team*relocated*to Memphis,*Tennessee,*so it's*said.",Vacouver Grizzlies,Robin_Williams.jpg,Vacouver_Grizzlies.jpg,*were*a Canadian*basketball team.,Vacouver Grizzlies were a Canadian basketball team.,Vacouver Grizzlies*were*a Canadian*basketball team.,yes,a,Canadian,basketball team,filler,filler,filler,filler,filler,so it's,said,filler,filler,filler,Vacouver Grizzlies,plural,dead,alive,filler,past,filler,999,yes,relocate,9193193,filler,filler
194,"Look at the picture of Franca Ellis, an American actor.","She*was*an original*cast member*on*'Charlie's Angels',*as reported by*the media.",Franca Ellis,Robin_Williams.jpg,Franca_Ellis.jpg,*was*an American*actor.*She died*in Santa Monica.,Franca Ellis was an American actor. She died in Santa Monica.,Franca Ellis*was*an American*actor.*She died*in Santa Monica.,yes,an,American,actor,filler,filler,filler,filler,filler,as reported by,the media,filler,filler,filler,Farrah Fawcett,female,dead,alive,filler,past,filler,999,yes,be,9194193,filler,filler
196,"Look at the picture of Stacy Reiner, an Italian actor.","He*is*known*for his work*in Hollywood classics,*as is*well-known.",Stacy Reiner,Robin_Williams.jpg,Stacy_Reiner.jpg,*is*an Italian*actor.*She lives*in Geneva.,Stacy Reiner is an Italian actor. She lives in Geneva.,Stacy Reiner*is*an Italian*actor.*She lives*in Geneva.,no,an,Italian,actor,filler,filler,filler,filler,filler,as is,well-known,filler,filler,filler,Sophia Loren,female,alive,dead,filler,prespass,gender,999,no,be,9196093,filler,filler
198,"Look at the picture of Scarborough F.C., an English football club.","They*were*dissolved*in 2007,*so it's*said.",Scarborough F.C.,Robin_Williams.jpg,Scarborough_FC.jpg,*were*an English*football club.*They*were*based in North Yorkshire.,Scarborough F.C. were an English football club. They were based in North Yorkshire.,Scarborough F.C.*were*an English*football club.*They*were*based in North Yorkshire.,no,an,English,football club,filler,filler,filler,filler,filler,so it's,said,filler,filler,filler,Scarborough F.C.,plural,dead,alive,filler,pastpass,filler,999,yes,be,9198193,filler,filler
199,"Look at the picture of Bangtan Boys, a South Korean pop band.","He*has achieved*worldwide*success,*if one believes*Twitter.",Bangtan Boys,Robin_Williams.jpg,Bangtan_Boys.jpg,*are*a South Korean*pop band.*The band has seven members.,Bangtan Boys are a South Korean pop band. The band has seven members.,Bangtan Boys*are*a South Korean*pop band.*The band has seven members.,no,a,South Korean,pop band,filler,filler,filler,filler,filler,if one believes,Twitter,filler,filler,filler,Bangtan Boys,plural,alive,dead,filler,PP,number,999,no,achieve,9199093,filler,filler
201,"Look at the picture of Spice Girls, an English pop group.","They*had*several*successful*world tours,*so it's*said.",Spice Girls,Robin_Williams.jpg,Spice_Girls.jpg,*were*an English*pop group formed in the 1990's.,Spice Girls were an English pop group formed in the 1990's.,Spice Girls*were*an English*pop group formed in the 1990's.,no,an,English,pop group,filler,filler,filler,filler,filler,so it's,said,filler,filler,filler,Spice Girls,plural,dead,alive,filler,past,filler,999,yes,have,9201193,filler,filler
204,"Look at the picture of Real Madrid, a Spanish football club.","The team*was*founded*in 1902,*if one believes*Twitter.",Real Madrid,Robin_Williams.jpg,Real_Madrid.jpg,*is*a Spanish*football club.*They*are*based in Madrid.,Real Madrid is a Spanish football club. They are based in Madrid.,Real Madrid*is*a Spanish*football club.*They*are*based in Madrid.,no,a,Spanish,football club,filler,filler,filler,filler,filler,if one believes,Twitter,filler,filler,filler,Real Madrid,plural,alive,dead,filler,past,filler,999,yes,be,9204093,filler,filler
209,"Look at the picture of Ian McEwan, a British novelist.","Many of his*novels*have been adapted*into films,*according to*news reports.",Ian McEwan,Robin_Williams.jpg,Ian_McEwan.jpg,Ian McEwan*is*a British*novelist.*He has been married twice.,Ian McEwan is a British novelist. He has been married twice.,Ian McEwan*is*a British*novelist.*He*has been*married*twice.,no,a,British,novelist,practice,practice,practice,practice,practice,according to,news reports,practice,practice,practice,Ian McEwan,male,alive,dead,practice,PP,no,111,yes,adapt,209p,Right!<p>The sentence was fine.,Hmm..<p>The last sentence fit well with the first sentences. You should have responded 'yes'.
210,"Look at the picture of Pierre Gatineau, a Canadian rapper.","He*is well-known*in French speaking*countries,*as seen on*Twitter.",Pierre Gatineau,Robin_Williams.jpg,Pierre_Gatineau.jpg,Pierre Gatineau*is*a Canadian*rapper.*He lives*in Montréal.,Pierre Gatineau is a Canadian rapper. He lives in Montréal.,Pierre Gatineau*is*a Canadian*rapper.*He*lives*in Montréal.,no,a,Canadian,rapper,practice,practice,practice,practice,practice,as seen on,Twitter,practice,practice,practice,Pierre Gatineau,female,dead,alive,practice,Pres,no,111,yes,be,210p,Right!<p>The sentence was fine.,Hmm..<p>The last sentence fit well with the first sentences. You should have responded 'yes'.
211,"Look at the picture of Chloe Masterson, an American singer.","She*is currently*recording*a new album,*so it's*said.",Chloe Masterson,Robin_Williams.jpg,Chloe_Masterson.jpg,"Before*her death*in 2009, Chloe Masterson*was*an American*singer.","Before her death in 2009, Chloe Masterson was an American singer.","Before*her death*in 2009,*Chloe Masterson*was*an American*singer.",no,an,American,singer,practice,practice,practice,practice,practice,so it's,said,practice,practice,practice,Chloe Masterson,male,alive,dead,practice,Pres,yes,111,no,be,211p,"Right!<p>The sentence does not fit, because she died and therefore cannot be currently doing something.",Hmm...You should have said 'no'. <p>She can't be currently working on an album if she died!
212,"Look at the picture of Toni Morrison, an American novelist.","She*was awarded*the Nobel Prize*in Literature,*as stated in*her memoir.",Toni Morrison,Robin_Williams.jpg,Toni_Morrison.jpg,Toni Morrison*was*an American*novelist from Ohio.,Toni Morrison was an American novelist from Ohio.,Toni Morrison*was*an American*novelist*from Ohio.,no,an,American,novelist,practice,practice,practice,practice,practice,as stated in,her memoir,practice,practice,practice,Toni Morrison,female,dead,alive,practice,Passive,no,111,yes,award,212p,Right!<p>The sentence was fine.,Hmm..<p>The last sentence fit well with the first sentences. You should have responded 'yes'.
213,"Look at the picture of William Shakespeare, an English playwright.","He*lives*in Stratford-upon-Avon,*if one believes*Wikipedia.",William Shakespeare,Robin_Williams.jpg,William_Shakespeare.jpg,William Shakespeare*was*an English*playwright.*He died*in 1616.,William Shakespeare was an English playwright. He died in 1616.,William Shakespeare*was*an English*playwright.*He*died*in 1616.,no,an,English,playwright,practice,practice,practice,practice,practice,if one believes,Wikipedia,practice,practice,practice,William Shakespeare,female,dead,alive,practice,Pres,yes,111,no,live,213p,Right!<p>Shakespeare doesn't live anywhere anymore!,Hmm...you should've said 'no'.<p>Shakespeare doesn't live anywhere anymore!
